N,P,K,temperature,humidity,ph,rainfall,label
18,30,29,26.762749300000007,92.86056895,6.4200187170000005,224.5903664,coconut
37,23,28,25.61294367,94.3138837,5.7400545670000005,224.3206759,coconut
13,28,33,28.130115000000004,95.64807631,5.686972967000001,151.0761899,coconut
2,21,35,25.02887163,91.53720922,6.293662362999999,179.8248944,coconut
10,18,35,27.79797651,99.64573002,6.381975465,181.6942283,coconut
7,11,32,29.25902906,95.11294697,5.542169138999999,184.7624496,coconut
39,5,31,27.10134661,93.69979946,5.551963184,150.9502632,coconut
34,6,27,25.84726298,90.92669463,5.8607404810000014,147.8888994,coconut
31,30,29,26.58580443,90.98617591,5.558807063,178.8116076,coconut
25,7,35,28.38503882,99.18843684,5.55771171,189.67113490000003,coconut
16,18,26,28.43647052,91.81320717,5.568365926,145.54144130000003,coconut
26,10,33,28.27298134,96.93649473,6.07071786,198.8234862,coconut
27,8,32,27.00648436,96.46168931,5.627860548999998,144.3331315,coconut
37,18,30,27.63551259,99.34854917,6.38488418,157.91715369999997,coconut
19,15,34,26.29644905,99.65809151,5.6858890660000005,215.9195049,coconut
0,19,33,27.1326009,95.23797989,6.234458417000001,204.7206567,coconut
31,20,26,25.56567803,97.61361544,6.443168642000001,199.7936345,coconut
9,17,32,25.94951662,93.40548703,5.842317989,172.0540491,coconut
22,11,29,28.03380598,95.01630593,5.955742971,218.0055713,coconut
31,6,26,29.12859129,91.30924833,5.741367375,157.2388553,coconut
34,6,30,27.0828252,97.00155491,5.948342571,171.7575545,coconut
24,6,32,28.11321494,90.01734526,6.387067562,172.48136409999995,coconut
1,8,26,27.5136304,94.18955816,5.562911913,156.6732553,coconut
31,13,33,27.63834933,95.48763389,5.85971872,205.5463111,coconut
10,9,28,29.01256899,94.01014388,6.282955072999999,150.05003119999995,coconut
36,27,26,26.58413917,95.78923137,6.25449571,171.6262299,coconut
38,24,33,28.28905147,97.00396405,5.973853124,142.9403233,coconut
11,6,25,28.69164799,96.65248672,6.081568052000001,178.9635457,coconut
16,14,30,29.70931288,96.30484325,6.37466756,209.84539930000005,coconut
33,14,35,27.14865285,96.66355213,6.027707171,149.2433497,coconut
16,6,29,29.28725038,91.95614918,5.868285082000001,132.1491176,coconut
32,11,31,25.06871967,93.31410447,6.205931637999999,134.84190690000003,coconut
38,14,30,26.92449525,91.20106019,5.5707453860000005,194.9022136,coconut
8,6,33,28.27804288,93.64761266,6.095261012999999,171.9457959,coconut
23,6,33,29.18032562,92.73041222,6.025789594,204.9603677,coconut
29,25,35,28.3575072,91.64509299,5.542873799,160.73069909999995,coconut
24,14,33,29.38072512,93.27565685,6.366219551,218.5241851,coconut
32,12,30,25.39241091,98.08951196,5.579845008,218.080385,coconut
30,25,31,26.31270635,98.62048026,5.804965067,208.1181381,coconut
14,21,35,29.52501367,91.91185319,6.121005506,194.3100272,coconut
27,22,29,28.83214859,92.17170353,6.000248647,145.41723869999996,coconut
40,5,29,28.48444906,97.76865458,5.820978791,160.389421,coconut
17,11,32,28.74013335,93.39676499,5.620733794,156.76508230000005,coconut
30,30,35,25.00872392,95.59224018,6.001936419,165.8092179,coconut
28,10,30,29.8690834,91.14723422,6.305740522000001,192.7678575,coconut
39,7,29,27.54273211,94.59086121,6.362544111,150.2012138,coconut
32,20,35,26.52166434,98.38227669,5.588655387,144.6261698,coconut
7,15,32,25.03512351,95.89739958,6.182232762000001,174.796583,coconut
29,17,29,29.20394909,95.66997327,5.959493188,211.2506267,coconut
34,15,34,27.05826457,91.10510371,5.677282677999999,224.70069530000004,coconut
14,23,25,26.18552389,96.96637916,5.6121227970000005,135.4186222,coconut
18,19,29,27.59376845,92.48519606,6.206077742000001,162.8432736,coconut
7,21,35,25.76011662,94.65830608,5.764812076,131.24514140000002,coconut
24,27,34,28.87862994,95.11320315,6.203376525,145.0583117,coconut
39,29,29,26.50908611,94.48414544,6.143662699,199.8778403,coconut
29,8,28,26.87037587,91.72546257,6.100429497,214.4128874,coconut
10,24,27,27.57283516,94.90485697,5.7084096010000005,145.9298935,coconut
0,29,32,28.05912437,98.3670985,5.868255858,171.65163959999995,coconut
32,11,31,29.51611558,92.56492864,6.461225827000001,131.2116167,coconut
37,10,32,28.96318258,95.16333673,6.165084855,222.803013,coconut
20,29,27,25.09897688,92.36099489,6.047044342,157.7592626,coconut
31,29,35,27.1872282,92.19906776,6.137102505,141.3220576,coconut
17,30,27,29.03065024,90.79093862,5.894027065,205.5720367,coconut
1,12,30,27.754298,95.94643831,5.56222383,131.09000759999998,coconut
6,13,29,27.31155708,99.96906006,5.832608027999999,201.8258633,coconut
15,28,32,28.84270971,99.64328526,6.2185718739999984,224.4016682,coconut
27,24,29,26.61423461,96.97300803,6.142010637,191.006688,coconut
3,23,30,29.70143197,95.65754365,6.078807239,215.1968037,coconut
8,26,26,25.54759871,91.64194826,5.702484758,212.867626,coconut
20,28,26,26.37978453,91.49882979,5.547594847,167.0470997,coconut
26,18,27,27.45907759,92.90736493,5.836075368,142.1430003,coconut
1,6,35,27.02269204,95.71935435,6.231662767,147.16824590000004,coconut
27,30,31,28.98545306,90.73966792,5.718120393,148.8398374,coconut
23,7,34,26.1055118,91.52421214,5.852038202,134.1279669,coconut
0,26,31,25.0707247,95.02156793,5.547933273,192.9036306,coconut
38,6,25,25.54963273,96.92786777,6.156259104,191.2996157,coconut
25,12,26,28.56973521,95.67906668,6.436314406,134.83703480000003,coconut
40,5,32,26.07010807,96.7036223,5.981169595,143.533473,coconut
0,19,31,25.51791333,94.38420565,6.271952832999999,178.7297725,coconut
26,9,32,25.9490364,94.73860514,6.470465614,144.15711090000005,coconut
35,30,34,28.2974764,95.41122824,6.141502001,182.4482352,coconut
19,30,30,29.56549169,91.40896307,5.826381164,224.83157290000003,coconut
31,13,33,29.69952329,95.21224392,6.342463714,148.30036919999995,coconut
17,29,26,26.14162144,93.28415295,6.071897347,195.4115025,coconut
2,30,30,26.00175125,94.79998418,6.331051715,209.540094,coconut
30,13,25,27.15116142,91.48889469,6.413184638,164.9182225,coconut
8,15,33,28.97318719,98.09861043,5.50158009,213.9011021,coconut
18,12,35,26.13958446,96.38580769,6.338720873,131.3387935,coconut
8,28,30,25.51618488,94.33465411,6.015672239,135.1272491,coconut
40,22,29,27.55821802,99.98187601,5.735364307,174.62564809999995,coconut
27,10,33,27.81132822,97.48410555,6.465906333,154.06212209999995,coconut
21,20,31,25.60033702,99.7240104,5.855457599,165.82487319999996,coconut
3,9,35,26.91641934,99.84671638,6.318552972999999,225.6323656,coconut
22,16,27,29.1797902,90.27214288,6.006784979,188.9252083,coconut
27,8,30,26.44600063,98.29937782,6.008386282999999,221.2258168,coconut
22,8,33,28.43572863,95.8840407,5.665785202,203.9283708,coconut
28,27,32,28.94099669,93.00109012,5.764615485,191.7723087,coconut
23,21,26,26.45488737,93.45042636,5.901495543999999,149.2220255,coconut
37,5,34,25.79490531,93.84150618,5.779032666,152.42387119999995,coconut
19,26,29,26.93141945,98.80313612,5.67154928,166.5712879,coconut
90,42,43,20.87974371,82.00274423,6.502985292,202.9355362,rice
85,58,41,21.77046169,80.31964408,7.038096361,226.6555374,rice
60,55,44,23.00445915,82.3207629,7.840207144,263.9642476,rice
74,35,40,26.49109635,80.15836264,6.980400905,242.8640342,rice
78,42,42,20.13017482,81.60487287,7.628472891,262.7173405,rice
69,37,42,23.05804872,83.37011772,7.073453503,251.0549998,rice
69,55,38,22.70883798,82.63941394,5.70080568,271.3248604,rice
94,53,40,20.27774362,82.89408619,5.718627178,241.9741949,rice
89,54,38,24.51588066,83.5352163,6.685346424,230.4462359,rice
68,58,38,23.22397386,83.03322691,6.336253525,221.2091958,rice
91,53,40,26.52723513,81.41753846,5.386167788,264.6148697,rice
90,46,42,23.97898217,81.45061596,7.50283396,250.0832336,rice
78,58,44,26.80079604,80.88684822,5.108681786,284.4364567,rice
93,56,36,24.01497622,82.05687182,6.98435366,185.2773389,rice
94,50,37,25.66585205,80.66385045,6.94801983,209.5869708,rice
60,48,39,24.28209415,80.30025587,7.042299069,231.0863347,rice
85,38,41,21.58711777,82.7883708,6.249050656,276.6552459,rice
91,35,39,23.79391957,80.41817957,6.970859754,206.2611855,rice
77,38,36,21.8652524,80.1923008,5.953933276,224.5550169,rice
88,35,40,23.57943626,83.58760316,5.85393208,291.2986618,rice
89,45,36,21.32504158,80.47476396,6.442475375,185.4974732,rice
76,40,43,25.15745531,83.11713476,5.070175667,231.3843163,rice
67,59,41,21.94766735,80.97384195,6.012632591,213.3560921,rice
83,41,43,21.0525355,82.67839517,6.254028451,233.1075816,rice
98,47,37,23.48381344,81.33265073,7.375482851,224.0581164,rice
66,53,41,25.0756354,80.52389148,7.778915154,257.0038865,rice
97,59,43,26.35927159,84.04403589,6.286500176,271.3586137,rice
97,50,41,24.52922681,80.54498576,7.070959995,260.2634026,rice
60,49,44,20.77576147,84.49774397,6.244841491,240.0810647,rice
84,51,35,22.30157427,80.64416466,6.043304899,197.9791215,rice
73,57,41,21.44653958,84.94375962,5.824709117,272.2017204,rice
92,35,40,22.17931888,80.33127223,6.357389366,200.0882787,rice
85,37,39,24.52783742,82.73685569,6.364134968,224.6757231,rice
98,53,38,20.26707606,81.63895217,5.01450727,270.4417274,rice
88,54,44,25.7354293,83.88266234,6.149410611,233.1321372,rice
95,55,42,26.79533926,82.1480873,5.950660556,193.3473987,rice
99,57,35,26.75754171,81.17734011,5.960370061,272.2999056,rice
95,39,36,23.86330467,83.15250801,5.561398642,285.2493645,rice
60,43,44,21.01944696,82.95221726,7.416245107,298.4018471,rice
63,44,41,24.17298839,83.7287574,5.583370042,257.0343554,rice
62,42,36,22.78133816,82.06719137,6.430010215,248.7183228,rice
64,45,43,25.62980105,83.52842314,5.534878156,209.9001977,rice
83,60,36,25.59704938,80.14509262,6.903985986,200.834898,rice
82,40,40,23.83067496,84.81360127,6.271478838,298.5601175,rice
85,52,45,26.31355498,82.36698992,7.224285503,265.5355937,rice
91,35,38,24.8972823,80.52586088,6.13428721,183.6793207,rice
76,49,42,24.958779,84.47963372,5.206373153,196.9560008,rice
74,39,38,23.24113501,84.59201843,7.782051313,233.0453455,rice
79,43,39,21.66628296,80.70960551,7.062779015,210.8142087,rice
88,55,45,24.63544858,80.41363018,7.730367824,253.7202781,rice
60,36,43,23.43121862,83.06310136,5.286203711,219.9048349,rice
76,60,39,20.0454142,80.3477562,6.766240045,208.5810155,rice
93,56,42,23.85724032,82.22572988,7.382762603,195.0948311,rice
65,60,43,21.97199397,81.89918197,5.658169482,227.3637009,rice
95,52,36,26.22916897,83.83625819,5.543360238,286.5083725,rice
75,38,39,23.44676801,84.79352417,6.215109715,283.9338466,rice
74,54,38,25.65553461,83.47021081,7.120272972,217.3788583,rice
91,36,45,24.44345477,82.45432595,5.950647577,267.9761948,rice
71,46,40,20.2801937,82.1235421,7.236705436,191.9535738,rice
99,55,35,21.7238313,80.2389895,6.501697816,277.9626192,rice
72,40,38,20.41447029,82.20802629,7.592490617,245.1511304,rice
83,58,45,25.75528612,83.51827127,5.875345751,245.6626799,rice
93,58,38,20.61521424,83.77345559,6.932400225,279.5451717,rice
70,36,42,21.84106875,80.72886384,6.946209881,202.3838319,rice
76,47,42,20.08369642,83.29114712,5.739175027,263.6372176,rice
99,41,36,24.45802087,82.74835604,6.738652179,182.5616319,rice
99,54,37,21.14347496,80.33502926,5.594819626,198.6730942,rice
86,59,35,25.78720567,82.11124033,6.946636369,243.5120414,rice
69,46,41,23.64124821,80.28597873,5.012139669,263.1103304,rice
91,56,37,23.43191632,80.56887849,6.363472208,269.5039162,rice
61,52,41,24.97669518,83.891805,6.880431223,204.8001847,rice
67,45,38,22.72791041,82.1706881,7.300410836,260.8875056,rice
79,42,37,24.87300744,82.84022551,6.587918708,295.6094492,rice
78,43,42,21.32376327,83.00320459,7.283736617,192.3197536,rice
75,54,36,26.29465461,84.56919326,7.023936392,257.4914906,rice
97,36,45,22.2286982,81.85872947,6.939083505,278.0791793,rice
67,47,44,26.73072391,81.78596776,7.868474653,280.4044392,rice
73,35,38,24.88921174,81.97927117,5.005306977,185.9461429,rice
77,36,37,26.88444878,81.46033732,6.136131869,194.5766559,rice
81,41,38,22.67846116,83.72874389,7.524080076,200.9133156,rice
68,57,43,26.08867875,80.37979919,5.706943251,182.9043504,rice
72,45,35,25.42977518,82.94682591,5.758506323,195.3574542,rice
61,53,43,26.40323239,81.05635517,6.349606327,223.3671883,rice
67,43,39,26.04371967,84.96907151,5.999969026,186.7536773,rice
67,58,39,25.2827223,80.54372813,5.453592032,220.1156708,rice
66,60,38,22.08576562,83.47038318,6.372576327,231.7364957,rice
82,43,38,23.28617173,81.43321641,5.105588355,242.3170629,rice
84,50,44,25.48591986,81.40633547,5.935344406,182.6549356,rice
81,53,42,23.67575393,81.03569343,5.17782304,233.7034975,rice
91,50,40,20.82477109,84.1341879,6.462391607,230.2242223,rice
93,53,38,26.92995077,81.91411159,7.069172227,290.6793783,rice
90,44,38,23.83509503,83.88387074,7.473134377,241.2013513,rice
81,45,35,26.52872817,80.12267476,6.158376967,218.9163567,rice
78,40,38,26.46428311,83.85642678,7.549873681,248.2256491,rice
60,51,36,22.69657794,82.81088865,6.028321558,256.9964761,rice
88,46,42,22.68319059,83.46358271,6.604993475,194.2651719,rice
93,47,37,21.53346343,82.14004101,6.500343222,295.9248796,rice
60,55,45,21.40865769,83.3293191,5.935745417,287.5766935,rice
78,35,44,26.54348085,84.67353597,7.072655622,183.6222657,rice
65,37,40,23.35905428,83.59512273,5.333322606,188.413665,rice
91,94,46,29.36792366,76.24900101,6.149934034,92.82840911,banana
105,95,50,27.33368994,83.67675197,5.849076099,101.0494791,banana
108,92,53,27.40053601,82.96221306,6.276800323,104.9378,banana
86,76,54,29.3159075,80.11585705,5.926824754,90.10978128,banana
80,77,49,26.05433004,79.39654531,5.519088423,113.2297373,banana
93,94,53,25.86632408,84.42379269,6.079178788,114.5357503,banana
90,92,55,27.00932084,80.18546798,6.13465588,97.32531705,banana
108,89,53,29.55054817,78.06762846,5.808497604,99.34482238,banana
108,88,55,26.28845991,83.390039,5.891458107,113.8729798,banana
105,77,52,29.16226551,76.16151562,5.816622479,100.0075679,banana
118,88,52,28.65003945,82.68752542,5.843163161,98.75084366,banana
101,87,54,29.07311132,76.50045221,6.376756633,100.1692639,banana
95,75,50,28.08166093,75.26429821,5.623615687,118.2761894,banana
106,85,53,27.1994597,78.8086068,5.91505509,99.72430835,banana
86,95,49,28.05484146,78.04602887,6.458714879,108.3957179,banana
83,79,55,25.14748006,83.34688193,5.565028635,98.66679427,banana
85,95,47,25.94019018,78.3422098,6.211833161,119.84797,banana
109,79,45,27.66752761,79.68542782,6.490074429,108.66464,banana
100,76,45,25.56703012,75.94067692,5.590236025,102.7867717,banana
117,86,48,28.6956201,82.54195839,6.225225239,116.1616839,banana
114,94,53,26.33544853,76.8532006,6.190757459,118.6858263,banana
110,78,50,25.93730186,78.89864446,5.915568968,98.21747528,banana
94,70,48,25.13686519,84.88394407,6.195152442,91.46442491,banana
80,71,47,27.50527651,80.79783998,6.156373499,105.0776992,banana
114,79,51,26.21009246,82.34429458,6.313197204,112.0700033,banana
88,78,45,29.10403455,79.19588629,6.324270089,92.07835761,banana
112,73,48,29.2440638,77.32017166,5.707488987,90.66727868,banana
117,76,47,25.56202173,77.38229006,6.119216009,93.10247183,banana
111,87,48,26.3985515,81.36028902,5.571401169,98.16752001,banana
89,83,47,28.09577643,77.79586769,5.63127166,109.5408614,banana
93,91,47,27.84767901,83.31110751,6.101241579,117.2878912,banana
92,81,52,27.39341554,81.4654833,6.438137279,94.31102057,banana
105,74,45,25.14517635,81.38204104,6.098369122,119.218154,banana
102,71,48,28.65456263,79.28693687,5.695267822,102.4633775,banana
94,91,51,29.16093424,76.67484233,5.618094446,109.575944,banana
116,71,47,27.57278064,82.0638878,6.435785799,91.34276507,banana
117,79,49,25.40909896,82.36208097,6.176644228,112.9794804,banana
119,72,55,25.99069521,83.33983116,6.220643671,112.0777152,banana
99,73,53,26.29039046,81.06003778,5.871702211,118.6730366,banana
91,84,52,29.14827211,78.71024836,6.390741836,117.536781,banana
80,90,47,26.59743595,79.35898915,6.21084479,107.3944717,banana
101,70,48,25.36059237,75.03193255,6.012696655,116.5531455,banana
108,89,53,29.12036889,80.18080728,5.908770059,112.3982055,banana
100,80,52,27.53911354,77.25629897,6.049801781,110.3262123,banana
109,91,53,29.66727337,83.51014178,6.010095853,110.2511102,banana
82,78,46,25.05802193,84.97323747,5.738678895,110.4408803,banana
106,70,55,25.86824781,78.52399914,5.74055541,116.3019555,banana
90,86,52,25.85036988,81.95580471,5.793260262,119.0856171,banana
83,95,50,26.51682337,77.79913575,5.50947065,108.8547508,banana
119,90,48,28.66725136,79.59242542,5.986442306,118.2583441,banana
107,72,45,28.14938935,81.54448882,5.790768046,91.40508414,banana
116,81,55,26.42313317,83.6995044,5.915546415,95.12322062,banana
101,75,50,26.59386409,81.40740301,6.242528278,109.9825551,banana
93,81,50,27.71822477,76.57853189,6.036079266,102.2099836,banana
95,75,45,28.98333432,82.95958244,5.829898502,109.022564,banana
107,71,55,29.42017919,83.96754496,6.088064451,117.229079,banana
83,94,47,27.39872329,81.10523402,6.469370954,112.1355384,banana
102,73,54,26.4020227,84.41007614,5.720726906,111.0162259,banana
86,79,45,27.81251452,82.69285419,5.80766417,99.20961514,banana
117,86,53,25.19640218,83.55829874,5.703381728,115.8586081,banana
111,79,53,28.31193338,75.77363772,6.165001278,119.695765,banana
95,74,50,25.90113128,80.47152737,6.002481605,110.10323,banana
91,75,55,27.48612983,76.11239849,6.212369363,109.2768851,banana
93,83,46,29.38254012,83.50423735,5.765308943,109.2486647,banana
92,85,51,29.22118628,81.08183635,5.740764682,108.8616474,banana
104,80,54,27.09062164,81.33506906,5.879119455,110.1331182,banana
103,72,51,26.12643374,81.81365007,6.099478745,104.4812858,banana
92,75,45,29.01207743,77.95192527,5.674403359,90.43495443,banana
93,85,49,27.96799119,79.28625709,5.694243847,119.4765557,banana
120,87,52,28.0764455,76.05522115,5.905494703,118.9923573,banana
108,72,46,25.16278237,84.97849241,6.110844721,90.94554618,banana
105,88,54,25.78749808,84.51194224,6.020445317,114.2005455,banana
98,79,50,25.34119774,84.47321314,6.435917308,91.06493353,banana
111,88,55,29.44795403,78.34971537,5.505393833,96.45042585,banana
97,74,45,26.47522633,78.51833782,5.677719902,113.1161095,banana
95,82,48,27.39489579,83.31172003,5.719014989,92.78133617,banana
89,91,55,25.08347445,80.261731,6.275572298,94.32961456,banana
89,85,55,26.6719835,76.48541655,6.275384607,91.73358569,banana
118,88,51,25.44926208,79.49221962,6.201911642,100.6619171,banana
101,92,45,28.22776705,80.6430384,5.758054257,98.00403016,banana
99,92,47,28.1279509,77.48247073,6.323933647,103.5045395,banana
82,77,46,28.9470467,82.1888998,5.901100841,95.83016448,banana
90,86,55,27.96236771,84.15403614,5.644486582,97.55986676,banana
95,88,52,28.00316034,78.90085998,6.235461772,94.68180316,banana
104,73,46,29.1400919,80.1190228,6.28236237,90.45142867,banana
102,73,52,27.9122104,83.36307683,6.356090905,90.24211529,banana
100,74,52,25.43480512,81.53977797,5.837258235,96.47800391,banana
94,89,48,28.55980972,84.51602322,5.653437902,111.0843029,banana
99,70,46,26.59580783,82.99556744,5.727469947,100.5123341,banana
112,87,48,27.19711623,77.3970629,6.200111068,99.46950465,banana
117,82,45,25.29391516,79.29122198,5.614471478,105.4220251,banana
96,86,51,29.90888522,76.98740841,6.257369799,91.99964712,banana
113,85,45,27.94972463,76.63713353,6.037430836,109.0921631,banana
105,93,46,25.01018457,78.76260938,5.760457558,108.3690513,banana
85,89,51,29.21144871,84.70189923,6.158164422,108.5501443,banana
108,94,47,27.35911627,84.54625006,6.387431383,90.81250457,banana
92,81,52,28.0106804,76.52808057,5.891413895,103.7040783,banana
110,71,54,28.67208915,82.20793613,5.725418961,94.37987496,banana
82,75,55,27.34585147,78.4873835,6.281069505,92.15524332,banana
117,81,53,29.50704598,78.20585613,5.507641778,98.12565829,banana
61,68,50,35.21462816,91.49725058,6.793245417,243.0745066,papaya
58,46,45,42.39413392,90.79028064,6.576261427,88.46607497,papaya
45,47,55,38.4191628,91.14220381,6.751452932,119.2653877,papaya
39,65,53,35.33294932,92.11508608,6.560743093,235.6133585,papaya
31,68,45,42.92325255,90.07600528,6.938313356,196.2408242,papaya
70,68,45,33.83508569,92.85470152,6.991626158,203.4044028,papaya
68,62,50,33.20258348,92.76437927,6.977700268,197.5282582,papaya
34,65,47,23.48546973,93.71043692,6.833768535,191.7760562,papaya
38,68,54,29.33710543,90.81781439,6.739170045,202.0572747,papaya
69,64,47,40.21199348,94.50766912,6.993473247,186.6762324,papaya
58,51,47,42.13473976,91.70445386,6.757470637,197.402901,papaya
59,47,53,32.86316618,91.4618874,6.850663232,47.271547,papaya
44,64,54,29.80744318,91.38048469,6.74274935,232.7046126,papaya
56,57,48,31.56213762,93.0484859,6.506120752,63.62250788,papaya
69,60,54,36.32268069,93.06134398,6.98992719,141.1736926,papaya
56,58,49,37.13165026,94.60761797,6.69215564,172.4788062,papaya
49,55,53,38.4418717,93.63739039,6.544029776,77.71566883,papaya
38,51,52,32.66160599,90.78931681,6.927803911,78.85085502,papaya
54,65,47,27.92765919,91.55594211,6.721835879,149.9107557,papaya
57,57,51,39.01793345,91.48815629,6.99223441,105.8841531,papaya
39,52,53,32.51247398,94.65904123,6.704204398,51.07048113,papaya
58,67,45,38.72382798,91.72514851,6.702424548,62.62377075,papaya
61,64,52,43.30204933,92.83405443,6.641098708,110.562229,papaya
34,62,55,27.58548913,90.72526502,6.585346229,238.5008779,papaya
31,48,45,40.78881819,92.90951393,6.563134737,132.7923586,papaya
47,46,52,23.19451074,91.40301608,6.502289473,206.3999208,papaya
32,68,52,32.68067385,92.61715632,6.800321319,248.8592986,papaya
36,59,46,34.28879307,93.61082872,6.721130543,127.2509777,papaya
61,51,51,39.30050027,94.16193416,6.574677594,120.9512466,papaya
70,54,46,39.73149053,91.12220596,6.919342407,122.7628653,papaya
44,56,49,39.23342464,91.25589286,6.519779583,64.4478499,papaya
34,68,51,27.34734861,94.17756725,6.687088098,40.35153141,papaya
50,59,47,40.76998685,92.09278584,6.747975732,209.8678411,papaya
39,70,52,26.26559543,90.79668055,6.65149129,59.49373381,papaya
34,61,49,28.12971499,93.3210737,6.502675132,117.8201907,papaya
44,60,55,34.2804607,90.55561637,6.825371185,98.54047745,papaya
31,62,52,33.7960155,93.00754254,6.99104104,182.026807,papaya
65,62,51,31.53243779,90.87394933,6.511624841,207.0735119,papaya
44,57,53,42.30495821,90.51431779,6.93172108,74.876786,papaya
50,47,48,24.63676897,90.61964344,6.712772333,218.2299187,papaya
43,50,48,28.28222883,91.37059792,6.63016515,179.2720807,papaya
60,46,53,24.48620746,92.98254537,6.761953186,183.49095,papaya
70,68,55,42.84609252,94.63548176,6.691202286,78.8099639,papaya
59,62,52,43.67549305,93.10887229,6.608667684,103.8235658,papaya
60,58,51,42.07213781,92.92203105,6.840802254,165.7412972,papaya
42,60,47,33.46873719,92.12746225,6.834808348,136.8277041,papaya
35,66,47,31.7018373,91.66232213,6.953439161,48.83810592,papaya
34,65,48,41.41968393,90.03863107,6.665024508,199.3096432,papaya
36,54,46,42.54744013,94.94482086,6.662875839,214.4103848,papaya
39,64,52,28.91842453,94.63676767,6.678695788,63.68794608,papaya
37,52,47,43.08022702,93.90305729,6.54277684,211.8529059,papaya
33,47,46,29.20300896,93.96834049,6.839443833,209.4083305,papaya
34,48,48,41.04224355,91.37258067,6.805277038,181.527598,papaya
49,54,50,25.62446619,93.18240298,6.762522087,97.26336657,papaya
40,65,49,35.32876402,91.06138506,6.678449318,163.9069365,papaya
68,52,49,24.42561272,92.27749066,6.577192175,63.35298768,papaya
50,46,52,31.18298415,90.21646909,6.734005648,54.01872359,papaya
65,63,50,31.88342554,91.3256535,6.524459342,79.27201575,papaya
40,49,47,42.93368602,91.1756748,6.501521192,246.3613268,papaya
42,53,48,23.11407669,94.31994776,6.758479569,231.5153161,papaya
49,55,51,24.87212063,93.90560147,6.676578778,135.1694525,papaya
59,62,49,43.36051537,93.35191636,6.941496806,114.778071,papaya
63,58,47,26.83054058,90.75379971,6.864143752,144.6656444,papaya
70,65,52,30.42012134,93.12659793,6.583528529,75.95295,papaya
63,50,52,28.64555584,93.22642604,6.751747609,115.8163936,papaya
40,64,47,32.50037548,93.47888842,6.893509446,71.73759526,papaya
63,58,50,43.03714283,94.6428898,6.720744449,41.5856585,papaya
45,58,49,30.10773379,90.34546355,6.827812549,75.24521981,papaya
66,69,47,23.69212243,93.61055571,6.912299695,87.53393983,papaya
54,67,52,35.67667332,93.30641944,6.586107335,141.3381168,papaya
69,67,52,27.71948962,94.43877142,6.827305908,82.83061083,papaya
67,68,49,35.26824831,92.38282957,6.821774589,149.8488208,papaya
45,57,47,23.16855863,90.78821158,6.656458831,161.6892093,papaya
56,50,52,33.08706051,92.25197542,6.770384816,88.1300769,papaya
70,50,53,37.4620912,90.44967809,6.933809743,172.3458448,papaya
44,47,45,38.73218907,94.73613484,6.579441304,218.142147,papaya
50,60,47,32.57720726,92.74889453,6.92791761,93.7942847,papaya
52,51,53,38.38231475,93.10378595,6.985804083,210.2735346,papaya
35,68,45,42.93605359,90.09448142,6.612429546,234.8466111,papaya
68,69,52,25.65492304,92.74501561,6.813383387,52.95477913,papaya
32,55,52,37.58899717,91.99740365,6.9677596,159.6577388,papaya
32,55,51,29.60718808,93.15642801,6.57398033,62.68710535,papaya
48,62,47,25.34756111,93.02871078,6.803094965,174.4012337,papaya
39,69,53,25.9300384,93.02357765,6.964955435,241.8202079,papaya
49,61,45,32.76795887,94.57377401,6.764213299,240.4795923,papaya
48,57,54,29.02328049,90.20396783,6.617703178,126.8069869,papaya
69,66,49,40.00439101,90.17015833,6.52711001,92.11877372,papaya
53,55,55,33.32315744,91.25271223,6.709668804,234.496633,papaya
38,61,52,31.22790131,94.94021378,6.620729882,46.44279118,papaya
57,64,55,26.68386496,92.9585411,6.583760499,62.50689682,papaya
51,57,55,24.70528368,90.14732171,6.676407337,108.4103158,papaya
56,65,45,38.2016825,93.97379963,6.751298936,218.0908814,papaya
54,66,52,36.56769731,93.79503425,6.867554147,104.4218596,papaya
58,55,47,26.05375792,93.69111672,6.742490027,240.6863901,papaya
68,70,54,31.29986342,92.76039164,6.986228647,54.77830202,papaya
42,59,55,40.10207731,94.35110201,6.979102243,149.1199989,papaya
43,64,47,38.58954491,91.58076549,6.825664782,102.2708231,papaya
35,67,49,41.31330062,91.1508798,6.617066674,239.7427554,papaya
56,59,55,37.03551903,91.79430166,6.551892638,188.5181422,papaya
39,64,53,23.0124018,91.07355541,6.598860305,208.3357976,papaya
18,30,29,26.7627493,92.86056895,6.420018717,224.5903664,coconut
37,23,28,25.61294367,94.3138837,5.740054567,224.3206759,coconut
13,28,33,28.130115,95.64807631,5.686972967,151.0761899,coconut
2,21,35,25.02887163,91.53720922,6.293662363,179.8248944,coconut
7,11,32,29.25902906,95.11294697,5.542169139,184.7624496,coconut
34,6,27,25.84726298,90.92669463,5.860740481,147.8888994,coconut
25,7,35,28.38503882,99.18843684,5.55771171,189.6711349,coconut
16,18,26,28.43647052,91.81320717,5.568365926,145.5414413,coconut
27,8,32,27.00648436,96.46168931,5.627860549,144.3331315,coconut
37,18,30,27.63551259,99.34854917,6.38488418,157.9171537,coconut
19,15,34,26.29644905,99.65809151,5.685889066,215.9195049,coconut
0,19,33,27.1326009,95.23797989,6.234458417,204.7206567,coconut
31,20,26,25.56567803,97.61361544,6.443168642,199.7936345,coconut
24,6,32,28.11321494,90.01734526,6.387067562,172.4813641,coconut
10,9,28,29.01256899,94.01014388,6.282955073,150.0500312,coconut
11,6,25,28.69164799,96.65248672,6.081568052,178.9635457,coconut
16,14,30,29.70931288,96.30484325,6.37466756,209.8453993,coconut
16,6,29,29.28725038,91.95614918,5.868285082,132.1491176,coconut
32,11,31,25.06871967,93.31410447,6.205931638,134.8419069,coconut
38,14,30,26.92449525,91.20106019,5.570745386,194.9022136,coconut
8,6,33,28.27804288,93.64761266,6.095261013,171.9457959,coconut
29,25,35,28.3575072,91.64509299,5.542873799,160.7306991,coconut
27,22,29,28.83214859,92.17170353,6.000248647,145.4172387,coconut
17,11,32,28.74013335,93.39676499,5.620733794,156.7650823,coconut
28,10,30,29.8690834,91.14723422,6.305740522,192.7678575,coconut
7,15,32,25.03512351,95.89739958,6.182232762,174.796583,coconut
34,15,34,27.05826457,91.10510371,5.677282678,224.7006953,coconut
14,23,25,26.18552389,96.96637916,5.612122797,135.4186222,coconut
18,19,29,27.59376845,92.48519606,6.206077742,162.8432736,coconut
7,21,35,25.76011662,94.65830608,5.764812076,131.2451414,coconut
10,24,27,27.57283516,94.90485697,5.708409601,145.9298935,coconut
0,29,32,28.05912437,98.3670985,5.868255858,171.6516396,coconut
32,11,31,29.51611558,92.56492864,6.461225827,131.2116167,coconut
1,12,30,27.754298,95.94643831,5.56222383,131.0900076,coconut
6,13,29,27.31155708,99.96906006,5.832608028,201.8258633,coconut
15,28,32,28.84270971,99.64328526,6.218571874,224.4016682,coconut
1,6,35,27.02269204,95.71935435,6.231662767,147.1682459,coconut
25,12,26,28.56973521,95.67906668,6.436314406,134.8370348,coconut
0,19,31,25.51791333,94.38420565,6.271952833,178.7297725,coconut
26,9,32,25.9490364,94.73860514,6.470465614,144.1571109,coconut
19,30,30,29.56549169,91.40896307,5.826381164,224.8315729,coconut
31,13,33,29.69952329,95.21224392,6.342463714,148.3003692,coconut
40,22,29,27.55821802,99.98187601,5.735364307,174.6256481,coconut
27,10,33,27.81132822,97.48410555,6.465906333,154.0621221,coconut
21,20,31,25.60033702,99.7240104,5.855457599,165.8248732,coconut
3,9,35,26.91641934,99.84671638,6.318552973,225.6323656,coconut
27,8,30,26.44600063,98.29937782,6.008386283,221.2258168,coconut
23,21,26,26.45488737,93.45042636,5.901495544,149.2220255,coconut
37,5,34,25.79490531,93.84150618,5.779032666,152.4238712,coconut
93,94,53,25.86632408,84.42379269,6.079178787999999,114.5357503,banana
108,89,53,29.55054817,78.06762846,5.808497603999999,99.34482238,banana
105,77,52,29.16226551,76.16151562,5.816622478999999,100.0075679,banana
118,88,52,28.65003945,82.68752542,5.8431631610000005,98.75084366,banana
101,87,54,29.07311132,76.50045221,6.376756632999999,100.1692639,banana
95,75,50,28.08166093,75.26429821,5.623615687000001,118.2761894,banana
106,85,53,27.1994597,78.80860679999998,5.91505509,99.72430835,banana
117,86,48,28.6956201,82.54195839,6.225225238999999,116.1616839,banana
114,94,53,26.33544853,76.8532006,6.190757458999999,118.6858263,banana
112,73,48,29.244063800000006,77.32017166,5.7074889870000005,90.66727868,banana
92,81,52,27.39341554,81.4654833,6.438137278999998,94.31102057,banana
102,71,48,28.65456263,79.28693687,5.695267822000001,102.4633775,banana
94,91,51,29.16093424,76.67484233,5.6180944460000015,109.575944,banana
99,73,53,26.29039046,81.06003778,5.8717022110000014,118.6730366,banana
109,91,53,29.66727337,83.51014178,6.010095852999999,110.2511102,banana
90,86,52,25.85036988,81.95580471,5.793260262,119.08561709999998,banana
116,81,55,26.42313317,83.69950440000002,5.915546415,95.12322062,banana
101,75,50,26.59386409,81.40740301,6.242528277999999,109.9825551,banana
93,81,50,27.71822477,76.57853189,6.0360792660000016,102.2099836,banana
95,75,45,28.98333432,82.95958244,5.829898502000001,109.022564,banana
117,86,53,25.19640218,83.55829874,5.703381727999999,115.8586081,banana
111,79,53,28.31193338,75.77363772,6.165001277999999,119.695765,banana
92,85,51,29.22118628,81.08183635,5.740764682000001,108.8616474,banana
92,75,45,29.01207743,77.95192527,5.674403358999999,90.43495443,banana
120,87,52,28.0764455,76.05522115,5.905494703,118.99235729999998,banana
111,88,55,29.44795403,78.34971537,5.505393832999999,96.45042585,banana
97,74,45,26.47522633,78.51833782,5.677719902000001,113.1161095,banana
89,91,55,25.08347445,80.26173100000003,6.275572297999999,94.32961456,banana
89,85,55,26.671983500000003,76.48541655,6.275384607,91.73358569,banana
118,88,51,25.44926208,79.49221962,6.201911642000001,100.6619171,banana
101,92,45,28.22776705,80.64303840000002,5.758054257,98.00403016,banana
99,92,47,28.127950899999995,77.48247073,6.3239336470000005,103.5045395,banana
90,86,55,27.96236771,84.15403614,5.644486582000001,97.55986676,banana
95,88,52,28.00316034,78.90085998,6.235461772000001,94.68180316,banana
112,87,48,27.19711623,77.39706290000002,6.200111067999999,99.46950465,banana
85,89,51,29.21144871,84.70189923,6.1581644220000005,108.5501443,banana
108,94,47,27.35911627,84.54625006,6.387431382999999,90.81250457,banana
82,75,55,27.34585147,78.48738349999998,6.281069505,92.15524332,banana
117,81,53,29.50704598,78.20585613,5.507641777999999,98.12565829,banana
